--LAB-1--

CREATE DATABASE CSE_3B_472

CREATE TABLE DEPOSIT
(ACTNO INT, CNAME VARCHAR(50), BNAME VARCHAR(50), AMOUNT DECIMAL(8,2), ADATE DATETIME)

INSERT INTO DEPOSIT VALUES
(101, 'ANIL', 'VRCE', 1000.00, '1995-3-1')
INSERT INTO DEPOSIT VALUES
(102, 'SUNIL', 'AJNI', 5000.00, '1996-4-1')
INSERT INTO DEPOSIT VALUES
(103, 'MEHUL', 'KAROLBAGH', 3500.00, '1995-11-17')
INSERT INTO DEPOSIT VALUES
(104, 'MADHURI', 'CHANDI', 1200.00, '1995-12-17')
INSERT INTO DEPOSIT VALUES
(105, 'PRAMOD', 'M.G. ROAD', 3000.00, '1996-3-27')
INSERT INTO DEPOSIT VALUES
(106, 'SANDIP', 'ANDHERI', 2000.00, '1996-3-31')
INSERT INTO DEPOSIT VALUES
(107, 'SHIVANI', 'VIRAR', 1000.00, '19955-9-5')
INSERT INTO DEPOSIT VALUES
(108, 'KRANTI', 'NEHRU PLACE', 5000.00, '1995-7-5')
INSERT INTO DEPOSIT VALUES
(109, 'MINU', 'POWAI', 7000.00, '1995-8-10')

SELECT * FROM DEPOSIT


CREATE TABLE BRANCH
(BNAME VARCHAR(50), CITY VARCHAR(50))

INSERT INTO BRANCH VALUES('VRCE', 'NAGPUR')
INSERT INTO BRANCH VALUES('AJNI', 'NAGPUR')
INSERT INTO BRANCH VALUES('KAROLBAGH', 'DELHI')
INSERT INTO BRANCH VALUES('CHANDI', 'DELHI')
INSERT INTO BRANCH VALUES('CHANDI', 'DELHI')
INSERT INTO BRANCH VALUES('M.G.', 'ROAD BANGLORE')
INSERT INTO BRANCH VALUES('ANDHERI', 'BOMBAY')
INSERT INTO BRANCH VALUES('VIRAR','BOMBAY')
INSERT INTO BRANCH VALUES('NEHRU',' PLACE DELHI')
INSERT INTO BRANCH VALUES('POWAI',' BOMBAY')

SELECT * FROM BRANCH

CREATE TABLE CUSTOMERS
(CNAME VARCHAR(50), CITY VARCHAR(50))

INSERT INTO CUSTOMERS VALUES('ANIL',' CALCUTTA')
INSERT INTO CUSTOMERS VALUES('SUNIL',' DELHI')
INSERT INTO CUSTOMERS VALUES('MEHUL',' BARODA')
INSERT INTO CUSTOMERS VALUES('MANDAR',' PATNA')
INSERT INTO CUSTOMERS VALUES('MADHURI',' NAGPUR')
INSERT INTO CUSTOMERS VALUES('PRAMOD',' NAGPUR')
INSERT INTO CUSTOMERS VALUES('SANDIP',' SURAT')
INSERT INTO CUSTOMERS VALUES('SHIVANI',' BOMBAY')
INSERT INTO CUSTOMERS VALUES('KRANTI',' BOMBAY')
INSERT INTO CUSTOMERS VALUES('NAREN','BOMBAY')

SELECT * FROM CUSTOMERS

CREATE TABLE BORROW
(LOANNO INT, CNAME VARCHAR(50), BNAME VARCHAR(50), AMOUNT DECIMAL(8,2))

INSERT INTO BORROW VALUES(201, 'ANIL',' VRCE', 1000.00)
INSERT INTO BORROW VALUES(206, 'MEHUL ','AJNI', 5000.00)
INSERT INTO BORROW VALUES(311, 'SUNIL',' DHARAMPETH', 3000.00)
INSERT INTO BORROW VALUES(321, 'MADHURI',' ANDHERI', 2000.00)
INSERT INTO BORROW VALUES(375, 'PRAMOD',' VIRAR', 8000.00)
INSERT INTO BORROW VALUES(481, 'KRANTI',' NEHRU PLACE', 3000.00)

SELECT * FROM BORROW

--

UPDATE DEPOSIT 
SET AMOUNT=5000 
WHERE AMOUNT=3000

SELECT * FROM DEPOSIT

UPDATE BORROW
SET BNAME='C.G.ROAD'
WHERE CNAME='ANIL' AND BNAME=' VRCE' 


SELECT * FROM BORROW

UPDATE DEPOSIT
SET ACTNO=111, AMOUNT = 5000
WHERE CNAME='SANDIP'

SELECT * FROM DEPOSIT

UPDATE DEPOSIT
SET AMOUNT=7000
WHERE CNAME = 'KRANTI'

SELECT * FROM DEPOSIT

UPDATE BRANCH
SET BNAME='ANDHERI WEST'
WHERE BNAME='ANDHERI'

SELECT * FROM BRANCH

